qseqid	qseq	sseqid	sseq	qcovs	pident	evalue
mrcB	INFFNRPGTITLLSTNGKVIQKLGPATREKIKPGQMPQLVMQSFIAAEDRRFFDHDGVDIWGIGRAVVTNLKQGSVREGASTITQQLARTVFLSQDRTVTRKLKEAALAYKLERQLSKEQILEQYLNFVYLGSSAYGVSDAAWVYFSKQPEELTLPEAALIAGMPPAPSLYSPLVNPEIALQRRSIVLSRMEQEGFITSGEAEEARNSPLALKPAIPKYYNSTAPYFTTWVAQQLPTLLTPEQLEVGGLKIRTSLNLDWQRKAQKVVREIA------PNGTEGVIVSIAPGTGLVRVMVGGKNFYSSQFNRATQALRSPGSTFKLFPYSAAINAGVKPEDIFLDKPRCWNGYCPKNFGKKY-FGNISLADALKNSLNTVAVQLQDKVGFDPIIAMANNLGIGNQRPLGRYYPMAIGAYEQTVLDMTAAYSAVTNRGVYVKPTAFEEILGPGGEVLWNRRVDGDRGKRAMDSDVADTMNWMLQRVVSGGTGIAAKLDDRPVAGKTGTSEGGRDIWFIGSIPQLTTAVWFGHDNNAETKSNSGESAWAWKQFMNQIKSEFPAQKFPAKPKTVR--PVLPRPGKKKASNPNKPNPGDGPLPDRDLFGDTDD	STA7437_RS16475@NC_019748	LSSYVRPDTLTIKAEDGTVLQEIGAVTHEKVKLAEVPQILTQALIASEDRRFYDHDGIDFLGISRAAVSNVLAGSVVEGGSTITQQLSRMVYLNQQRTIWRKLQEVIIASQIEGRFNKQEILECYLNSVYFGAGAYGVADAAWVYFGKSLNELTLSEVATLVGIVPAPSLYSPINNPELAQQRRNIVLNKMAQQGLIDGKTVQAAIASPLTLKPHQLKRFQRFAPYFTDYIQKQLPQYVSPDILHAGGVVVETTLNYQWQQAAEDKINEALDRYGKWQTFQQAALVSLDPRTGGIKAMVGGRDFGNNQFNRVTQAQRQPGSTFKPFVYTAAIAAGFSPYKSYLDSEYMVDGYQPKNYGDKYRHREVSLYDALAASINVVALRTLIDVGWEPTIEIAKKMGI--QSELVPTYSLALGAWEVNLLELTNAYATLANQGVYQAGYGIERIRDRYGKIIYEAK---PQPQTAIDQDTAATMTWMLQGVVNSGTGIPAQI-GRPVAGKTGTSDKARDLWFIGYIPQVTTGIWLGNDNNQATHGTSAIAAEIWRKFMLEVVKDLPVENFPSRSVTSKKPSIKAEPVKPKSSFYLEQTPSRS-IYDRSEVRSHDD	89	44.901	1.2899999999999997e-176
mrcB	RRH---WILIAGVAVAIGSAAALGQATITRAIDSTLPDARGINFFNRPGTITLLSTNGKVIQKLGPATREKIKPGQMPQLVMQSFIAAEDRRFFDHDGVDIWGIGRAVVTNLKQGSVREGASTITQQLARTVFLSQDRTVTRKLKEAALAYKLERQLSKEQILEQYLNFVYLGSSAYGVSDAAWVYFSKQPEELTLPEAALIAGMPPAPSLYSPLVNPEIALQRRSIVLSRMEQEGFITSGEAEEARNSPLALKPAIPKYYNSTAPYFTTWVAQQLPTLLTPEQLEVGGLKIRTSLNLDWQRKAQKVVREIAPNG------TEGVIVSIAPGTGLVRVMVGGKNFYSSQFNRATQALRSPGSTFKLFPYSAAINAGVKPEDIFLDKPRCWNGYCPKNFGKKYFG-NISLADALKNSLNTVAVQLQDKVGFDPIIAMANNLGIGNQRPLGRYYPMAIGAYEQTVLDMTAAYSAVTNRGVYVKPTAFEEILGPGGEVLWNRRVDGDRGKRAMDSDVADTMNWMLQRVVSGGTGIAAKLDDRPVAGKTGTSEGGRDIWFIGSIPQLTTAVWFGHDNNAETKSNSGESAWAWKQFMNQIKSEFPAQKF----------------PAKPKTVR	PCC8801_RS06535@NC_011726	RHHPKFWLLFGITMGTSSSAIALGY-TIYQVESSITESVEEVFTYARPETLSIKSADGEILEEVGPVTHEKLKIWQIPDTIIEAFIASEDHRFESHQGVDPQGIFRAMFSNLKAGEVVEGGSTITQQLARIVFLNQERSITRKLKEMRLAQKIEANLSKNQILEQYLNLVYLGSGAYGVADAAWVYFGKTADKLTIPEAATLAGIVPAPSLYSPLENLNAATERRNIVLQRMIDQKLITPEEGKTAIASSIALKPQKPKRLERKAPYFTDYVQAELPKYVPPEILKQGGITVETTLNSQWQVAAEKAIETAVTRYGRWQGFKQAALTAVDPRNGQIKVMVGGNDYENYQYNRVTQAKRQPGSTFKPFVYATAIAAGFSPYRSFNDSPYVIDGYRPENYGDKYSGVPVSIRQALASSLNVVAVQVLVKVGWNPIIKVAQAMGI--QSELKPTYSLALGAWEVNLLELTNAYGTFANNGIHQPAYGISRVRDRQGNVLYQAKFS---PKEALDPDSTAIMTWMMRGVVTSGTGTPAQLSDRPVAGKTGTSDQARDLWFVGYIPQLTAGVWLGNDNNKPTWGASSTAAMIWREFMVEAVKGTPVESFSPVPSLNGRKATIKAEPIKPKRIR	89	45.06399999999999	1.0599999999999996e-167
mrcB	GVAVAIGSAAALGQATITRAIDSTLPDARGINFFNRP-GTITLLSTNGKVIQKLGPATREKIKPGQMPQLVMQSFIAAEDRRFFDHDGVDIWGIGRAVVTNLKQGSVREGASTITQQLARTVFLSQDRTVTRKLKEAALAYKLERQLSKEQILEQYLNFVYLGSSAYGVSDAAWVYFSKQPEELTLPEAALIAGMPPAPSLYSPLVNPEIALQRRSIVLSRMEQEGFITSGEAEEARNSPLALKPAIPKYYNSTAPYFTTWVAQQLPTLLTPEQLEVGGLKIRTSLNLDWQRKAQ-KVVREIAPNG-----TEGVIVSIAPGTGLVRVMVGGKNFYSSQFNRATQALRSPGSTFKLFPYSAAINAGVKPEDIFLDKPRCWNGYCPKNFGKKYFGN-ISLADALKNSLNTVAVQLQDKVGFDPIIAMANNLGIGNQRPLGRYYPMAIGAYEQTVLDMTAAYSAVTNRGVYVKPTAFEEILGPGGEVLWNRRVDGDRGKRAMDSDVADTMNWMLQRVVSGGTGIAAKLDDRPVAGKTGTSEGGRDIWFIGSIPQLTTAVWFGHDNNAETKSNSGESAWAWKQFMNQIKSEFPAQKFPAKPKTVRPVLPRPGKKKASNPNKPNPGDGPLPDRDLFGDTDDPANNN	CYAN7822_RS15300@NC_014501	GITLGMGTTTLVVAWNIYR-LESTLPKSVDEVLTYAPEGSLTIQAADGTILQQVGDIPYEHLKLWQFPDYLLKAFIASEDRRFQEHHGVDFQGISRAVISNLLAKDVVEGGSTITQQLARMVFLSQERSFNRKIREMRVAQKIEQRFDKAQILESYLNFVYLGSGAYGVADASWIYFSKPVEKLTLTEAATLAGIVPAPSLYSPIENQKAAKQRRDLVLKRMEEQGFITPQQAATAIASPLTINPSPPKRLQRQAPYFTEYIQKELPRYLSKDVLSRGGLIVETTLNPKWQQVAQEKVDQTVSLYGRWQRFSQAALVAIDPRNGQIKAMVGGNDFEKNQYNRVTQAKRQPGSTFKTFVYSTAIAAGFSPYQGFLDAEYVVDGYKPENYGDTYSGQYVSMRNALTKSLNVVAVKTLVDVGWNPIIRIAKRMGI--ESPLKPTYSLALGASEVNLLEITSAYGTLANKGVHQPAYGISRIIDRNGKILYQADF---KPVKAIDEGTSAIMTWMLQGVVNDGTGQPAQI-GRPVAGKTGTSDKARDLWFIGYIPQLVTGIWLGNDDNQPTWGASSTSAALWRQFMLPVVQNMPIVSFESLP----PIDGRKGSIKA-EPIKPKNSYYKMPEPQPTEQEAQTTNNN	94	43.925	9.069999999999997e-167
mrcB	RRHW--ILIAGVAVAIGSAAALGQATITRA---IDSTLPD-ARGINFFNRPGTITLLSTNGKVIQKLGPATREKIKPGQMPQLVMQSFIAAEDRRFFDHDGVDIWGIGRAVVTNLKQGSVREGASTITQQLARTVFLSQDRTVTRKLKEAALAYKLERQLSKEQILEQYLNFVYLGSSAYGVSDAAWVYFSKQPEELTLPEAALIAGMPPAPSLYSPLVNPEIALQRRSIVLSRMEQEGFITSGEAEEARNSPLALKPAIPKYYNSTAPYFTTWVAQQLPTLLTPEQLEVGGLKIRTSLNLDWQRKAQKVVREIAPNG------TEGVIVSIAPGTGLVRVMVGGKNFYSSQFNRATQALRSPGSTFKLFPYSAAINAGVKPEDIFLDKPRCWNGYCPKNF-GKKYFGNISLADALKNSLNTVAVQLQDKVGFDPIIAMANNLGIGNQRPLGRYYPMAIGAYEQTVLDMTAAYSAVTNRGVYVKPTAFEEILGPGGEVLW--NRRVDGDRGKRAMDSDVADTMNWMLQRVVSGGTGIAAKLDDRPVAGKTGTSEGGRDIWFIGSIPQLTTAVWFGHDNNAETKSNSGESAWAWKQFMNQIKSEFPAQKFPAKP	AWQ22_RS00750@NZ_CP016477	RRRWRLWLLAGLVLGVGSGSFL----IYRGWQELEALVPENVDEILIYTRPGTLTIQAADGSVIEEVGPVSHDRVKIWAVPTTLTEAFIASEDRRFYEHFGVDLQGVARAAYMNFRAGRVVEGGSSITQQVARIVFLNQEMTLARKVKEMRLATKLEEQFSKEQILESYLNLVYLGSGAYGVSDAAWVYFGKNLEELTLGETAMIAGLAPAPSLYSPFVNLQAATVRRDQVLERMWEEGYISQAEYETAIATPIETNRQTPQRLLRKYPYFADYVKAELKRYLSPEQLETGSFVIETTLNPQWQEWSEAVVAEGITNYGRYQRFEQAAMVSIDPRSGQIKTMVGGLDFENNQYNRVTQAQRQPGSTFKMFVYAAAIASGMSPNATYVDQEFAIDGYRPKNYSGTVSNQAVSLTEALTKSINTIALSVMLDVGWDPIINLAHRMGVESE--MKPTYSLALGAWEVNLLELTAAYGTLANGGAYQPVYGISRILDRNGKVVYQANR-----KPIQAIDSDSAAIMTYMLRNVVSSGTGSQANI-GRPVAGKTGTSDQARDLWFIGYIPQMVTGVWLGNDDNKPTWGASSTAARLWGDAMRQIAAAMTVEDFPKLP	89	44.698	1.8499999999999995e-166
mrcB	LPDARGINFFNRPGTITLLSTNGKVIQKLGP-ATREKIKPGQMPQLVMQSFIAAEDRRFFDHDGVDIWGIGRAVVTNLKQGSVREGASTITQQLARTVFLSQDRTVTRKLKEAALAYKLERQLSKEQILEQYLNFVYLGSSAYGVSDAAWVYFSKQPEELTLPEAALIAGMPPAPSLYSPLVNPEIALQRRSIVLSRMEQEGFITSGEAEEARNSPLAL-KPAIPKYYNSTAPYFTTWVAQQLPTLLTPEQLEVGGLKIRTSLNLDWQRKAQKVV---------REIAPNGTEGVIVSIAPGTGLVRVMVGGKNFYSSQFNRATQALRSPGSTFKLFPYSAAINAG-VKPEDIFLDKPRCWNG----YCPKNFGKKYFGNISLADALKNSLNTVAVQLQDKVGFDPIIAMANNLGIGNQRPLGRYYPMAIGAYEQTVLDMTAAYSAVTNRGVYVKPTAFEEILGPGGEVLWNRRVDGDRGKRAMDSDVADTMNWMLQRVVSGGTGIAAKLDDRPVAGKTGTSEGGRDIWFIGSIPQLTTAVWFGHDNN---AETKSNSGESAWAWKQFMNQIKSEFPAQKFPAKPKTVRP	PCC8801_RS01095@NC_011726	LPDVRILNNYAPTETSYIYDVKGRLLSRLHEEANREVVSMEDISPDLKRAVLAIEDSHFYYHHGINPTSIGRAIWVNYRSGGVVEGASTITMQLVKNIFLSKERTFNRKLSEAVLAIRVEQVFDKDKILEMYLNNIYWGHNNYGVQTAAESYFNKPASKLTLAESALMAGLIQAPETYSPFTNYTKSKQRQAVVLDRMAEIGWITPQEAEVAKNAPLKVGKPT--AWQGSKLPYVTDTVMEELEAKFGKEATRKGGMRVQTTVDYFAQTKAQEVVEQGYRNLRGRGIYARNLQIALVAVDPRTHFIKAIVGGVDYEKSQLNRATQSRRQPGSSFKSFVYYTAFATGRYTPESVVNDSPVSFRDGSGLYTPKNYGGGYSGPMSIRTALIQSRNVPAVVIGRKVGVDKVIEVCRRLGIDS--PLQPVTSLPLGAGDITPLEMAAAYATFASNGWHSEPTIILRVTDSRGNVLLD---NTPKPQLVLDPWSAASTTSVLQGVITSGTGRAANI-GRPAAGKTGTTDSERDVWFVGYVPQLATAVWIGDDANRVLGRGVTGGGNAAPIWRNFMQQALKSEPVKHFPAASKYPRP	85	37.966	6.669999999999999e-116
mrcB	IGSAAALGQATITRAIDSTLPDARGINFFNRPGTITLLSTNGKVIQKL-GPATREKIKPGQMPQLVMQSFIAAEDRRFFDHDGVDIWGIGRAVVTNLKQGSVREGASTITQQLARTVFLSQDRTVTRKLKEAALAYKLERQLSKEQILEQYLNFVYLGSSAYGVSDAAWVYFSKQPEELTLPEAALIAGMPPAPSLYSPLVNPEIALQRRSIVLSRMEQEGFITSGEAEEARNSPLAL-KPAIPKYYNSTAPYFTTWVAQQLPTLLTPEQLEVGGLKIRTSLNLDWQRKAQKVV-------REIAPNGTEGVIVSIAPGTGLVRVMVGGKNFYSSQFNRATQALRSPGSTFKLFPYSAAINAG-VKPEDIFLDKPRCW---NG-YCPKNFGKKYFGNISLADALKNSLNTVAVQLQDKVGFDPIIAMANNLGIGNQRPLGRYYPMAIGAYEQTVLDMTAAYSAVTNRGVYVKPTAFEEILGPGGEVLWNRRVDGDRGKRAMDSDVADTMNWMLQRVVSGGTGIAAKLDDRPVAGKTGTSEGGRDIWFIGSIPQLTTAVWFGHDNN---AETKSNSGESAWAWKQFMNQ-IKSEFPAQKFPAKPKTVRP	AWQ22_RS01950@NZ_CP016477	LGSAIAAGGLVGLAISFRNLPDVRTLKTYVPTETSYIYDINGKVLLSLHGEANRTNIELSEVSPELKMAILAIEDSHFYQHNGINPTSIGRAILSNLEAGGITEGASTITMQLVKNLFLAQDRTYNRKLAETVLALRIEQIFPKDEILEMYLNNIYWGHNNYGVETAAESYFNKSAADLTLPEAAVMAGMIQAPEDYSPFRDYQATKQRQKIVLNRLEDLGWITPEEAAAAAQEPLLVGQPTAWK--ASASPYITQAVEEELTQRFGEELVRKGGMRVQTTVDLNMQRRAEETVQKAFQQARSRGLRADQIAVAAVDPRTHFVKVLVGGRDYEESQFNRAIQSQRQPGSAFKPFVYYTAFASGNYTPFSTIDDSPVSYPDGNGTYSPQNYGGSFSGTVSLYDALVTSKNVPAVKLGKAVGLEKVIELCRLLGI--ESPLQPVISLPLGAVGISPLEMASAYATFASNGWQSETTLILRVTDSQGNVLLD---NTPQPRLVLDPWATASLTTVLQGVVNGGTGQAANLGDRPAAGKTGTTSSERDVWFVGYVPQLAAAVWIGNDDYRPMGTGTTGGGDAAPIWRAFMQEALKGEEP-QYFPAASKYPRP	88	37.993	1.0599999999999998e-115
mrcB	VAVAIGSAAALGQATITRAID-STLPDARGINFFNRPGTITLLSTNGKVIQKLGPATREKIKPGQM--PQLVMQSFIAAEDRRFFDHDGVDIWGIGRAVVTNLKQGSVREGASTITQQLARTVFLSQDRTVTRKLKEAALAYKLERQLSKEQILEQYLNFVYLGSSAYGVSDAAWVYFSKQPEELTLPEAALIAGMPPAPSLYSPLVNPEIALQRRSIVLSRMEQEGFITSGEAEEARNSPLALKPAIPKYYNSTAPYFTTWVAQQLPTLLTPEQLEVGGLKIRTSLNLDWQRKAQKVV-REIAPNGTEGV------IVSIAPGTGLVRVMVGGKNFYSSQFNRATQALRSPGSTFKLFPYSAAINAG-VKPEDIFLDKPRCWNG----YCPKNFGKKYFGNISLADALKNSLNTVAVQLQDKVGFDPIIAMANNLGIGNQRPLGRYYPMAIGAYEQTVLDMTAAYSAVTNRGVYVKPTAFEEILGPGGEVLWNRRVDGDRGKRAMDSDVADTMNWMLQRVVSGGTGIAAKLDDRPVAGKTGTSEGGRDIWFIGSIPQLTTAVWFGHDNNA---ETKSNSGESAWAWKQFMNQIKSEFPAQKFPAKPKTVRP	BRW62_RS00870@NZ_CP018092	VGMTLGSAA-LGGSLLGLAVSFRNLPDVRSLRGYIPSETTHIYDAKGTLLVSLHDEENREVVPLDKISPNLKL-AVMAIEDSNFYQHRGINPIGISRALVVNLTSGRTAQGGSTLTMQLVKNLFLSPDRSLSRKVAEAVLAMRLEQIFTKDQILEMYLNQVYWGHNTYGVQTAAQSYFKKSAADLTLAEAAMMAGIIQAPEAFSPFVDLETAKQRQQLVLDRMVELEWITPQEAAAAAQQSLTLG-EITSFQRSRSPWITDAVLQELTQQFGREAVIRGGMRVQSSLDADLQKMAEAAVQRGFATLQASGIRADQLALAAVDPRTHYVKALVGGMDYNRSQFNRATQAMRQPGSAFKPFVFYAAYASGNYTPDSGINDSPVSYRDGMGRYVPQNYDRSFMGPMSMRMALATSRNIPAIVLGQEVGIDRVIEICRTLGITS--PMLPVVSLPLGAVDLTPLEMAAAYATFANNGWQSPTTTIIQVTDNSGHLLLDHT---PRPKLVLDPWAAAAINNTMQSVITSGTGTGASI-GRPAAGKTGTTSSERDIWFVGYVPQLSAAVWAGNDNYAPLGQGATGGGFMAPIWRDFMTQALKDVPVQDFTPMSKFQRP	88	36.601	1.2399999999999996e-108
mrcB	VAVAIGSAAALGQATITRAID-STLPDARGINFFNRPGTITLLSTNGKVIQKLGPATREKIKPGQM--PQLVMQSFIAAEDRRFFDHDGVDIWGIGRAVVTNLKQGSVREGASTITQQLARTVFLSQDRTVTRKLKEAALAYKLERQLSKEQILEQYLNFVYLGSSAYGVSDAAWVYFSKQPEELTLPEAALIAGMPPAPSLYSPLVNPEIALQRRSIVLSRMEQEGFITSGEAEEARNSPLALKPAIPKYYNSTAPYFTTWVAQQLPTLLTPEQLEVGGLKIRTSLNLDWQRKAQKVV-REIAPNGTEGV------IVSIAPGTGLVRVMVGGKNFYSSQFNRATQALRSPGSTFKLFPYSAAINAG-VKPEDIFLDKPRCWNG----YCPKNFGKKYFGNISLADALKNSLNTVAVQLQDKVGFDPIIAMANNLGIGNQRPLGRYYPMAIGAYEQTVLDMTAAYSAVTNRGVYVKPTAFEEILGPGGEVLWNRRVDGDRGKRAMDSDVADTMNWMLQRVVSGGTGIAAKLDDRPVAGKTGTSEGGRDIWFIGSIPQLTTAVWFGHDNNA---ETKSNSGESAWAWKQFMNQIKSEFPAQKFPAKPKTVRP	BRW62_RS00870@NZ_CP018092	VGMTLGSAA-LGGSLLGLAVSFRNLPDVRSLRGYIPSETTHIYDAKGTLLVSLHDEENREVVPLDKISPNLKL-AVMAIEDSNFYQHRGINPIGISRALVVNLTSGRTAQGGSTLTMQLVKNLFLSPDRSLSRKVAEAVLAMRLEQIFTKDQILEMYLNQVYWGHNTYGVQTAAQSYFKKSAADLTLAEAAMMAGIIQAPEAFSPFVDLETAKQRQQLVLDRMVELEWITPQEAAAAAQQSLTLG-EITSFQRSRSPWITDAVLQELTQQFGREAVIRGGMRVQSSLDADLQKMAEAAVQRGFATLQASGIRADQLALAAVDPRTHYVKALVGGMDYNRSQFNRATQAMRQPGSAFKPFVFYAAYASGNYTPDSGINDSPVSYRDGMGRYVPQNYDRSFMGPMSMRMALATSRNIPAIVLGQEVGIDRVIEICRTLGITS--PMLPVVSLPLGAVDLTPLEMAAAYATFANNGWQSPTTTIIQVTDNSGHLLLDHT---PRPKLVLDPWAAAAINNTMQSVITSGTGTGASI-GRPAAGKTGTTSSERDIWFVGYVPQLSAAVWAGNDNYAPLGQGATGGGFMAPIWRDFMTQALKDVPVQDFTPMSKFQRP	88	36.601	1.2399999999999996e-108
mrcB	LPDARGINFFNRPGTITLLSTNGKVIQKL-GPATREKIKPGQMPQLVMQSFIAAEDRRFFDHDGVDIWGIGRAVVTNLKQGSVREGASTITQQLARTVFLSQDRTVTRKLKEAALAYKLERQLSKEQILEQYLNFVYLGSSAYGVSDAAWVYFSKQPEELTLPEAALIAGMPPAPSLYSPLVNPEIALQRRSIVLSRMEQEGFITSGEAEEARNSPLAL-KPAIPKYYNSTAPYFTTWVAQQLPTLLTPEQLEVGGLKIRTSLNLDWQRKAQKVV---------REIAPNGTEGVIVSIAPGTGLVRVMVGGKNFYSSQFNRATQALRSPGSTFKLFPYSAAINAG-VKPEDIFLDKPRCWNG----YCPKNFGKKYFGNISLADALKNSLNTVAVQLQDKVGFDPIIAMANNLGIGNQRPLGRYYPMAIGAYEQTVLDMTAAYSAVTNRGVYVKPTAFEEILGPGGEVLWNRRVDGDRGKRAMDSDVADTMNWMLQRVVSGGTGIAAKLDDRPVAGKTGTSEGGRDIWFIGSIPQLTTAVWFGHDNN---AETKSNSGESAWAWKQFMNQIKSEFPAQKFPAKPKTVRP	CYAN7822_RS15100@NC_014501	LPDVRVLKDYVPTETSYIYDMKGTVLSSLHGEANRKVIKLNEVSPEMKRAVMAIEDSHFYIHKGINPNSIGRAILANLKNGEVVEGASTLTMQLVKNIFLSHQRTVSRKLAETVLAIRVEQVFKKDEILEMYLNNIYWGHNNYGVQTAAESYFNKPASKLNLAESAMMAGLIQAPESYSPFINYKEAKKRQEMVLDRMVELGWITKEEGQKAKKQALKVGKPT--SWRGSKLPYVTDTVIQELNERFGKETVIKGGMRVQTTVDYRVQKAAEETVQNAYNVLRGRGLYTRELQVALVSVDPRTHFIKAIVGGVDYKKSQLNRAIQSHRPPGSTFKPYVYYTAFASGKYTPDSVVVDGPISFRDGSGWYTPKNYGGGYSGAMSIRTALAQSRNVPAVIVGNKVGTSKIIETCRTLGI--KSPLQAVTSLPLGAIGVTPLEMAGAYATFASNGWQSNTTIIARITDSRGNVLLD---NTPKPQLVLDPWAAASLTSVLKGVIAGGTGTAANI-GRPAAGKTGTTDNERNVWFVGYVPQLATAVWIGDDANRPLGKGVTGGGFAAPIWKNFMLQALNNEPVMDFPAASNFPRP	85	36.441	6.479999999999999e-108
mrcB	VAVAIGSAAALGQATITRAIDSTLPDARGINFFNRPGTITLLSTNGKVIQKL-GPATREKIKPGQMPQLVMQSFIAAEDRRFFDHDGVDIWGIGRAVVTNLKQGSVREGASTITQQLARTVFLSQDRTVTRKLKEAALAYKLERQLSKEQILEQYLNFVYLGSSAYGVSDAAWVYFSKQPEELTLPEAALIAGMPPAPSLYSPLVNPEIALQRRSIVLSRMEQEGFITSGEAEEARNSPLAL-KPAIPKYYNSTAPYFTTWVAQQLPTLLTPEQLEVGGLKIRTSLNLDWQRKAQKVV-------REIAPNGTEGVIVSIAPGTGLVRVMVGGKNFYSSQFNRATQALRSPGSTFKLFPYSAAINAG-VKPEDIFLDKPRCWN----GYCPKNFGKKYFGNISLADALKNSLNTVAVQLQDKVGFDPIIAMANNLGIGNQRPLGRYYPMAIGAYEQTVLDMTAAYSAVTNRGVYVKPTAFEEILGPGGEVLWNRRVDGDRGKRAMDSDVADTMNWMLQRVVSGGTGIAAKLDDRPVAGKTGTSEGGRDIWFIGSIPQLTTAVWFGHDNNAETKSNSGESAWA---WKQFMNQIKSEFPAQKFPAKPKTVRP	STA7437_RS08385@NC_019748	ITSAIAAGGLVGLAISFR----NLPDVRVLRNYQPSETSYIYDIKGRLLTSLHGEANREVVSLDQISPELKRAVIAIEDSHFYQHQGINPYSIGRAVWVNWQRGGVAEGASTLTMQLIKNLFLTRERTFTRKLAEAILAIRVEQVFSKDEILNMYLNNIYWGHNNYGVQTAAETYFNKSASELNLAEAAMMAGLIQAPEQYSPYINYTETKQRQALVLKRMRELGWISPEQEKQARQEPLLVAKPT--AWRTSKSPFITEAVITELKERFGQDAVTQGGMRVQTTIDYNFQKMAEETVTQGHQNLRRAGVRADQVALVAVDPRTHFVKALVGGVGYDKSQFNRAIQSRRQPGSSFKPFVYYTAFASGKYTPYSTIDDSPITYRVPSGYYTPKNYGGSFSGLMSLRTALIQSANIPAVKLGKAVGLDKVIEVCRSLGI--KSPLEPVISLPLGSIGVTPLEMAGAYATFASNGWHSDPTIIVQVADSKGNLLLDNR---PQPKLLLNPWATANLSSVLTGVIAEGTGKNASI-GRLAAGKTGTTSSERDVWFVGYVPQLATAVWIGNDNYQSLGRGVTGGSYAAPIWRSFMLKALDNEPMQYFPSASKFPRP	88	34.861	4.499999999999999e-107
mrcB	QSFIAAEDRRFFDHDGVDIWGIGRAVVTNLKQGSVREGASTITQQLARTVF--LSQDRTVTRKLKEAALAYKLERQLSKEQILEQYLNFVYLGSSAYGVSDAAWVYFSKQPEELTLPEAALIAGMPPAPSLYSPLVNPEIALQRRSIVLSRMEQEGFITSGEAEEARNSPLALKP-AIPKYYNSTAPYFTTWVAQQLPTLLTPEQLEVGGLKIRTSLNLDWQRKAQKVVR-EIAPNG-----TEGVIVSIAPGTGLVRVMVGGKNFYSSQFNRATQALRSPGSTFKLFPYSAAINAGVKPEDIFLDKPRCWNGYCPKNFGKKYFGNISLADALKNSLNTVAVQLQDKVGFDPIIAMANNLGIGNQRPLGRYYPMAIGAYEQTVLDMTAAYSAVTNRGVYVKPTAFEEIL-GPGGE---------VLWNRRVDGDRGKRAMDSDVADTMNWMLQRVVSGGTGIAAKLDDRPVAGKTGTSEGGRDIWFIGSIPQ--LTTAVWFGHDNNAETKSNSGESAWAWKQFMNQI	STA7437_RS18235@NC_019748	KAVIASEDSRYYWHLGVDPYGIARAIAVNLTSSELKQGASTITQQLARSLFPEVGRQNTAGRKLREMLVALKLEAVYSKKTILKTYLNRVYLGVGSYGFEDAAQFYFEKSAADLSLSEAATLVAILPAPNLYNPVKDYETSVALRNRVINRMVKLGMVSEAEADRARRSRIEVSPNARQTLSNTTAPYFYAYVLKELQALLGTEVAKEGNYIVETGLALQIQTEAEQSLKYSVTEDGSRYGYSQGAIVTLDSETGQIIALVGGADYNQSQFDRATQAKRQPGSTFKMFAYTSAIEQGINPNNKYSCAPVSWKGQEYRGC-ERSSGEINMYRGLEQSENAVALRVAQDIGLNRVIEMARRFGINSS--LTESPGLVLGESEVSVLEMTGAYGALANDGIWHRPHAINRILDGSDCENPNDWQTCREIYSFTSDSQNSREVVSEAVAERMTYMLKQVIADGTGKAADI-SQGEAGKTGTTDNSVDLWFIGYVPKKNLVTGIWLGNDDNSATKGSSWQAATLWGNYMRKI	75	37.381	1.0399999999999997e-106
mrcB	LPDARGINFFNRPGTITLLSTNGKVIQKL-GPATREKIKPGQMPQLVMQSFIAAEDRRFFDHDGVDIWGIGRAVVTNLKQGSVREGASTITQQLARTVFLSQDRTVTRKLKEAALAYKLERQLSKEQILEQYLNFVYLGSSAYGVSDAAWVYFSKQPEELTLPEAALIAGMPPAPSLYSPLVNPEIALQRRSIVLSRMEQEGFITSGEAEEARNSPLAL-KPAIPKYYNSTAPYFTTWVAQQLPTLLTPEQLEVGGLKIRTSLNLDWQRKAQKVVREIAPN-------GTEGVIVSIAPGTGLVRVMVGGKNFYSSQFNRATQALRSPGSTFKLFPYSAAINAG-VKPEDIFLDKPRCWNG----YCPKNFGKKY-FGNISLADALKNSLNTVAVQLQDKVGFDPIIAMANNLGIGNQRPLGRYYPMAIGAYEQTVLDMTAAYSAVTNRGVYVKPTAFEEILGPGGEVLWNRRVDGDRGKRAMDSDVADTMNWMLQRVVSGGTGIAAKLDDRPVAGKTGTSEGGRDIWFIGSIPQLTTAVWFGHDNNAET----KSNSGESAWAWKQFMNQIKSEFPAQKFPAKPKTVRP	CYAN10605_RS07080@NC_019776	LPDVRVLKNYVPSQTSYIYDVKGRLLTTYHGEEHRTTVDFQDISPNLKMAVLAIEDSNFYDHKGINPTSIGRAILVNIQSGGVVEGASTLTMQLVKNVFLSHQRTFSRKLAEAVLAVRVEQVFEKNNILEMYLNNIYWGHNNYGAETAAQSYFNKSARELNLAEAAMMAGIIQAPEVYSPFANYDIAKQRQALVLGRMVDLGWITSEEAETAKKTPLYLGKPQ--AWQSSKLPYVTDSVRKELIERFGQEMITKGGLHVQTTIDYDLQVKAEEIVQKSHRNLVSWGVKADQIALVAIDPRTHFVKAVVGGVDYEQSQFNRVLQSRRQPGSAFKPFVFYTAFATGKYTPTSSVANYSKGYRDGSGYYRPQNYGGSFGGGDVSIIQALSQSLNIPAVVLGQEIGLDKVIEVCRTLGI--ESPLSPVVSLPLGPMGVTPMEMAKSYATFANNGWQSDTTMIVQVTDSDGNILLD---NTPKPKLVLNEWATASLSATLTQVIQGGTARSADI-GRPAAGKTGTTSGERDVWFVGYVPQLATAVWIGNDDFNRSLGSGVTGGGYAAPIWRQFMVTALQNEPVKYFPAASQFTRP	85	35.424	1.46e-106
mrcB	QSFIAAEDRRFFDHDGVDIWGIGRAVVTNLKQGSVREGASTITQQLARTVF--LSQDRTVTRKLKEAALAYKLERQLSKEQILEQYLNFVYLGSSAYGVSDAAWVYFSKQPEELTLPEAALIAGMPPAPSLYSPLVNPEIALQRRSIVLSRMEQEGFITSGEAEEARNSPLALKPAIPKYYNST-APYFTTWVAQQLPTLLTPEQLEVGGLKIRTSLNLDWQRKAQKVVRE-IAPNG-----TEGVIVSIAPGTGLVRVMVGGKNFYSSQFNRATQALRSPGSTFKLFPYSAAINAGVKPEDIFLDKPRCWNGYCPKNFGKKYFGNISLADALKNSLNTVAVQLQDKVGFDPIIAMANNLGIGNQRPLGRYYPMAIGAYEQTVLDMTAAYSAVTNRGVYVKPTAFEEILGPG----------GEVLWNRRVDGDRGKRAMDSDVADTMNWMLQRVVSGGTGIAAKLDDRPVAGKTGTSEGGRDIWFIGSIPQ--LTTAVWFGHDNNAETKSNSGESAWAWKQFMNQ	PCC8801_RS09355@NC_011726	KALIASEDSRFYWHFGVDPYGIVRALVINSQDKGIRQGASTLTQQLARSLFPEVGRENTAGRKLREIIVALKLEAVYSKDTILKTYLNQVYLGVGNYGFEDAAQFYFEKSARELSLAEAATLVAMLPAPNLYNPVQDYDTSVQLRNRVITRMAALKMISPEEADRARRSRIQISPKATKALSSSIAPYFYGYVFEELRDLLGDEVAKEGNFIVETGLNLELQAKAEKSLKHSVKTTGPAYKFSQGAIVTLDSKTGEILALVGGNDYKQSQFNRATQAKRQPGSTFKVFAYAAAMEKGISPGKVYSCSGVYWMGQAYKPC-ERSGGAVDMYRGLALSENAIALRVAQDAGLNRVIEMAQRLGVKSE--LQASPGLILGQSEVTLLEMAGAYGTFANEGVWKRPHAIRRILDGGDCTDPKKWQTCRVVYAFDEDKNSTKQAISPALAQTMTNLLRGVVQSGTGRTASI-GLGEAGKTGTTDKAVDLWFIGYVPSRAIVTGIWLGNDNNSATQGSSGQAAALWGNYMAQ	75	38.213	3.7599999999999986e-104
mrcB	LPDARGINFFNRPGTITLLSTNGKVIQ--KLGPATREKIKPGQMPQLVMQSFIAAEDRRFFDHDGVDIWGIGRAVVTNLKQGSVREGASTITQQLARTVF--LSQDRTVTRKLKEAALAYKLERQLSKEQILEQYLNFVYLGSSAYGVSDAAWVYFSKQPEELTLPEAALIAGMPPAPSLYSPLVNPEIALQRRSIVLSRMEQEGFITSGEAEEARNSPLALKPAIPKYYNST-APYFTTWVAQQLPTLLTPEQLEVGGLKIRTSLNLDWQRKAQKVVR-EIAPNG-----TEGVIVSIAPGTGLVRVMVGGKNFYSSQFNRATQALRSPGSTFKLFPYSAAINAGVKPEDIFLDKPRCWNGYCPKNFGKKYFGNISLADALKNSLNTVAVQLQDKVGFDPIIAMANNLGIGNQRPLGRYYPMAIGAYEQTVLDMTAAYSAVTNRGVYVKPTAFEEIL-GPGGEVLWNRRV---------DGDRGKRAMDSDVADTMNWMLQRVVSGGTGIAAKLDDRPVAGKTGTSEGGRDIWFIGSIPQ--LTTAVWFGHDNNAETKSNSGESAWAWKQFMNQI	CYAN10605_RS06695@NC_019776	IPDHTG-------GSTVVYAEDGKTLLSPRIESPHRELESLKEFSPYLPQALLASEDSRYYWHFGVDPLGIIRAVLVNQEGG--RQGASTITQQLARSLYPAVGRENNLARKWREMVVATKLEAIYSKDTILKTYMNRVYLGINLYGFEDAAQFYFDKSARELDINESATLVAILPAPNAYNPVQDYDTAVNLRNRVIARMENLGMISNEEASQARRSRIEISPKARQTLSQVIAPYYYSYVFQEMRELLGDDLTQEGDFIIETSLNPKIQTIAEESLKNHIDSNGKSHNFSQGAIASLNSKNGEIIALVGGKDFNESQFNRATMAQRQPGSTFKVFAYSAALESGISASKTYSCAPLLWQGFQYKAC-ERTGGATNMTQALAQSENSVALRVAKDVGLSSVVNMAKKLGV--ESPLNPVPGLILGQSEVNLLEITGAYTAFANQGIWSKPHAIKVIRDGRDCEDFDNHTTCREVYRFNETGDEQKQAIKKTTAETMNRMLQQVTVSGTGRTAYLGKQE-AGKTGTTNKGVDLWFIGYVPKNNILTGVWLGNDDNSPTNSSSSQAALLWGNYMKKI	82	36.458	1.3999999999999999e-103
mrcB	GTITLLSTNGKVIQKLGPAT----REKIKPGQMPQLVMQSFIAAEDRRFFDHDGVDIWGIGRAVVTNLKQGSVREGASTITQQLARTVF--LSQDRTVTRKLKEAALAYKLERQLSKEQILEQYLNFVYLGSSAYGVSDAAWVYFSKQPEELTLPEAALIAGMPPAPSLYSPLVNPEIALQRRSIVLSRMEQEGFITSGEAEEARNSPLALK---PAIPKYYNSTAPYFTTWVAQQLPTLLTPEQLEVGGLKIRTSLNLDWQRKAQKVVR-EIAPNGT-----EGVIVSIAPGTGLVRVMVGGKNFYSSQFNRATQALRSPGSTFKLFPYSAAINAGVKPEDIFLDKPRCWNGYCPKNFGKKYFGNISLADALKNSLNTVAVQLQDKVGFDPIIAMANNLGIGNQ-RPLGRYYP-MAIGAYEQTVLDMTAAYSAVTNRGVYVKPTAFEEILGPG---GEVL--------WNRRVDGDRGKRAMDSDVADTMNWMLQRVVSGGTGIAAK--LDDRPVAGKTGTSEGGRDIWFIGSIP--QLTTAVWFGHDNNAETKSNSGESAWAWKQFMNQ	AWQ22_RS09815@NZ_CP016477	GPVVIFSRDGET--AINPVTTDSHRELQRLKDFSPYLKNGVMASEDARFYWHPGIDPIGIARAIRVALLRGSATQGASTITQQVARSLFPEVGREKSASRKLREIIVALKMETFFSKDEILLLYLNKVYLGVGQSGFEDAAQFYFDKSARDLDLLESATLIAMLPAPNAFNPIVDPDKSREQRNLVIDRMHKLGMITDQEQRQAKLTPIEERLSEEARRSLSNNAAPYFYGYVQQELTELLGEDALKMGNLYIETGLDITMQQKAASALKASIEQDGTQVGFSQGAITTLDSDTGEILAMVGGKDYAESQFNRAVQAKRQPGSTFKVFGYGAALEQGISPYTAFSCAPLNWQGQQYRGCERTSTASTDMFRGMAQSENAIALRIAQTVGLDGVINFAQQLGVDSQLRP----SPGLILGESEVSVLEMAGAYATFANDGTWNKPHAIRRIFDSSDCTGETIDSCHLLYDFSNRADLHR-EQVISRDTARTMTSMLQGVIQGGTGTAARLGLDE---AGKTGTTNSNVDLWFVGYVPSQDLVTAIWLGNDDNSPTRGGSSYAAKLWGAYMRE	80	36.251999999999995	1.9299999999999996e-103
mrcB	MPQLVMQSFIAAEDRRFFDHDGVDIWGIGRAVVTNLKQGSVREGASTITQQLARTVF--LSQDRTVTRKLKEAALAYKLERQLSKEQILEQYLNFVYLGSSAYGVSDAAWVYFSKQPEELTLPEAALIAGMPPAPSLYSPLVNPEIALQRRSIVLSRMEQEGFITSGEAEEARNSPLALKPAIPKYYNST-APYFTTWVAQQLPTLLTPEQLEVGGLKIRTSLNLDWQRKAQKVVRE-IAPNG-----TEGVIVSIAPGTGLVRVMVGGKNFYSSQFNRATQALRSPGSTFKLFPYSAAINAGVKPEDIFLDKPRCWNG--YCPKNFGKKYFGNISLADALKNSLNTVAVQLQDKVGFDPIIAMANNLGIGNQRPLGRYYPMAIGAYEQTVLDMTAAYSAVTNRGVYVKPTAF------EEILGPGG----EVLWNRRVDGDRGKRAMDSDVADTMNWMLQRVVSGGTGIAAKLDDRPVAGKTGTSEGGRDIWFIGSIP--QLTTAVWFGHDNNAETKSNSGESAWAWKQFMNQI	CYAN7822_RS02060@NC_014501	LPKAVM----ASEDSRFLWHFGVDPYGILRAVVINYKGNDIRQGASTLTQQLARSLFPEVGRENTAGRKLREMLVALKLEAFYSKDKLLNLYLNRIYLGAGNYGFEDAAQFYFDKSARKLTLNEAATLVAMLPAPNLYNPVQDYNTAVQMRNRVINRMANLGMISEQEADRARRSRIEVSPKAKEALSSAIAPYFYSYVFEELRDLLGNEVAKEGNFIVETGLDPQMQKKAEAALKQTVSTYGPSYRYSNGAMVTLDTRTGQILAMVGGTDYKQSQFNRVTQAKRQPGSTFKVFAYAAAIEKGISAGKIYSCAGLFWMGQNYKP---CERTGGATDMYGGIAQSENAIALRVAQDAGLDNIVKMARKLGV--KSDLNPVPGLVLGQSEVNVLEMAGAYATFANGGVWNRPHAIKRILDGEECIDPKNPQTCRVIYSFEEDKNNTVQAISGGVAQTMTSLLRGVVQHGTGRGASI-GLGEAGKTGTTNNAVDLWFIGYIPGRNLVTGIWLGNDDNTPTNGSSGQAALLWGKYMREV	76	37.757	2.0599999999999993e-100
mrcB	MQSFIAAEDRRFFDHDGVDIWGIGRAVVTNLKQGSVREGASTITQQLARTVFLSQDRTVTRKLKEAALAYKLERQLSKEQILEQYLNFVYLGSSAYGVSDAAWVYFSKQPEELTLPEAALIAGMPPAPSLYSPLVNPEIALQRRSIVLSRMEQEGFITSGEAEEARNSPLALKPAIPKYYNSTAPYFTTWVAQQLPTLLTPEQLEVGGLKIRTSLNLDWQR----KAQKVVREIAP-NGTEGVIVSIAPGTGLVRVMVGGKNFY-SSQFNR--ATQALRSPGSTFKLFPYSAAINAG-VKPEDIFLDKPRCW-----NGYCPKNFGKKYFGNISLADALKNSLNTVAVQLQDKVGFDPIIAMANNLGIGNQRPLGRYY--PMAIGAYEQTVLDMTAAYSAVTNRGVYVKPTAFEEI------LGPGGEVLWNRRVD--GDRGKRAMDSDVADTMNWMLQRVVSGGTGIAAKLDDRPVAGKTGTSEGGRDIWFIGSIPQLTTAVWFGHDNNAETKSNSGESAWA--WKQFMNQIKSEFPAQKFPAKPKTV-RPVLPRPGKK	CYAN7822_RS07500@NC_014501	IQAILATEDGDFYHHGALDLKATARAIVQAIKAKRVVSGASTITMQLAR-MLEPAPRTLTAKGAEIWLSWRISAGMNKDEILAAYINRLPMGSNIYGVEAASRVYFGIPAAELTLAQASLLAAIPNDPSRLNPYENWQPLKRRQRYVLNRMVQEGYITDAQRDRALDEAISLQPRQQGII--AAPHFLFWVASQLPKQHPPQ--------IQTTLDRPLQQFVETQVREVVRTLAPHNVQQAAAIVIDNHSGEILAYVGSLDYFNSAQFGRNDGVQALRQPGSTLKPFLYQLALEKRLIRPNTVLADVPTHYAIPGAKLYSPSDYSETFYGPARVRIALANSLNVPAVRVLEKVGVSVFLERLHQLGFTHLNQSPEYYGLGLTLGSGEVSLLELAHAYRILAQQGQLRKEVACNVCTKVSASSAFPSSPTWSLITDILSDRYARAKAFGVDSVLNLPF-----------------PAAVKTGTSSHFRDTWTVGFTTDYTVATWVGNFNGEPMRQVSGVMGAAPLWNRIMLHLHENHPPAPFPSPRGMVKRPVCALSGLK	79	31.070999999999998	1.62e-61
